algoritmo,tamanho,tipo,execucao,comparacoes,movimentacoes,tempo
Shellsort,10000000,0,1,179523814,359047628,0.093736
Mergesort,10000000,0,1,114434624,347657408,0.104024
Heapsort,10000000,0,1,223280964,281881704,0.359783
Quicksort,10000000,0,1,301053653,500140686,0.218927
QuicksortI,10000000,0,1,283446788,458953602,0.110724
Introsort,10000000,0,1,224155768,36777208,0.058963
Shellsort,10000000,0,2,179523814,359047628,0.102910
Mergesort,10000000,0,2,114434624,347657408,0.103325
Heapsort,10000000,0,2,223280964,281881704,0.360484
Quicksort,10000000,0,2,294398844,492984933,0.221543
QuicksortI,10000000,0,2,277832801,459106479,0.114067
Introsort,10000000,0,2,224155768,36777208,0.059955
Shellsort,10000000,0,3,179523814,359047628,0.096580
Mergesort,10000000,0,3,114434624,347657408,0.100411
Heapsort,10000000,0,3,223280964,281881704,0.358277
Quicksort,10000000,0,3,286643031,475577421,0.220125
QuicksortI,10000000,0,3,282455443,440594154,0.115064
Introsort,10000000,0,3,224155768,36777208,0.059178
Shellsort,10000000,1,1,246859309,433044744,0.126003
Mergesort,10000000,1,1,118788160,466445568,0.129352
Heapsort,10000000,1,1,220007180,266912424,0.389242
Quicksort,10000000,1,1,288371567,468962178,0.248217
QuicksortI,10000000,1,1,324643167,454583650,0.152465
Introsort,10000000,1,1,229155755,51777202,0.060701
Shellsort,10000000,1,2,246859309,433044744,0.125927
Mergesort,10000000,1,2,118788160,466445568,0.129344
Heapsort,10000000,1,2,220007180,266912424,0.388997
Quicksort,10000000,1,2,287237987,477647091,0.249282
QuicksortI,10000000,1,2,318275140,492307232,0.150894
Introsort,10000000,1,2,229155755,51777202,0.060163
Shellsort,10000000,1,3,246859309,433044744,0.133265
Mergesort,10000000,1,3,118788160,466445568,0.131841
Heapsort,10000000,1,3,220007180,266912424,0.388463
Quicksort,10000000,1,3,294575203,482695671,0.247680
QuicksortI,10000000,1,3,306628226,461199767,0.156931
Introsort,10000000,1,3,229155755,51777202,0.060391
Shellsort,10000000,2,1,383477858,568004768,1.035643
Mergesort,10000000,2,1,220101981,458813982,0.721260
Heapsort,10000000,2,1,220806366,273834211,1.024738
Quicksort,10000000,2,1,295505936,482655171,0.620350
QuicksortI,10000000,2,1,308060751,449959143,0.548353
Introsort,10000000,2,1,311795972,188081202,0.513346
Shellsort,10000000,2,2,383402623,567928857,1.031670
Mergesort,10000000,2,2,220102730,458815670,0.721883
Heapsort,10000000,2,2,220806979,273831803,1.024597
Quicksort,10000000,2,2,301501851,480524073,0.622120
QuicksortI,10000000,2,2,299586943,438051311,0.542265
Introsort,10000000,2,2,308628288,188609636,0.516817
Shellsort,10000000,2,3,383223315,567750965,1.032541
Mergesort,10000000,2,3,220102566,458815528,0.723796
Heapsort,10000000,2,3,220806243,273834866,1.019356
Quicksort,10000000,2,3,292382919,455170584,0.618252
QuicksortI,10000000,2,3,300888872,471705894,0.541476
Introsort,10000000,2,3,303429495,189178975,0.519396
Shellsort,20000000,0,1,376428366,752856732,0.204195
Mergesort,20000000,0,1,238869248,725314816,0.212479
Heapsort,20000000,0,1,466010035,584278046,0.728741
Quicksort,20000000,0,1,631314782,1028998680,0.446831
QuicksortI,20000000,0,1,583894818,925207637,0.237120
Introsort,20000000,0,1,468311544,73554424,0.122795
Shellsort,20000000,0,2,376428366,752856732,0.207454
Mergesort,20000000,0,2,238869248,725314816,0.220699
Heapsort,20000000,0,2,466010035,584278046,0.735871
Quicksort,20000000,0,2,604148650,946537614,0.463201
QuicksortI,20000000,0,2,589219196,922839659,0.237961
Introsort,20000000,0,2,468311544,73554424,0.122693
Shellsort,20000000,0,3,376428366,752856732,0.202593
Mergesort,20000000,0,3,238869248,725314816,0.213981
Heapsort,20000000,0,3,466010035,584278046,0.730067
Quicksort,20000000,0,3,599001501,970119486,0.455311
QuicksortI,20000000,0,3,584313309,930741542,0.228366
Introsort,20000000,0,3,468311544,73554424,0.122314
Shellsort,20000000,1,1,521040238,907856098,0.277180
Mergesort,20000000,1,1,247576320,972891136,0.280220
Heapsort,20000000,1,1,459614099,553081002,0.810930
Quicksort,20000000,1,1,613534293,988756719,0.509692
QuicksortI,20000000,1,1,665035822,1058219475,0.326971
Introsort,20000000,1,1,478311530,103554418,0.124767
Shellsort,20000000,1,2,521040238,907856098,0.270857
Mergesort,20000000,1,2,247576320,972891136,0.280097
Heapsort,20000000,1,2,459614099,553081002,0.811980
Quicksort,20000000,1,2,620721948,1034174037,0.516896
QuicksortI,20000000,1,2,642409345,934799946,0.328193
Introsort,20000000,1,2,478311530,103554418,0.125434
Shellsort,20000000,1,3,521040238,907856098,0.270436
Mergesort,20000000,1,3,247576320,972891136,0.279820
Heapsort,20000000,1,3,459614099,553081002,0.810487
Quicksort,20000000,1,3,626368306,972466158,0.511415
QuicksortI,20000000,1,3,646798624,989905433,0.314241
Introsort,20000000,1,3,478311530,103554418,0.125411
Shellsort,20000000,2,1,805712135,1191660708,2.184494
Mergesort,20000000,2,1,460201596,957630292,1.503951
Heapsort,20000000,2,1,461614547,567669768,2.507326
Quicksort,20000000,2,1,632075579,1032032895,1.281925
QuicksortI,20000000,2,1,635591016,925700861,1.122584
Introsort,20000000,2,1,646263220,390324388,1.082448
Shellsort,20000000,2,2,805263949,1191212583,2.186662
Mergesort,20000000,2,2,460204226,957631618,1.503466
Heapsort,20000000,2,2,461614458,567672808,2.498530
Quicksort,20000000,2,2,615312010,1028357721,1.288632
QuicksortI,20000000,2,2,631294372,967818341,1.128356
Introsort,20000000,2,2,645065144,390432484,1.082222
Shellsort,20000000,2,3,805534780,1191481722,2.185351
Mergesort,20000000,2,3,460203820,957635573,1.502389
Heapsort,20000000,2,3,461617215,567667535,2.500518
Quicksort,20000000,2,3,610426786,1002454152,1.297717
QuicksortI,20000000,2,3,634607157,946559692,1.122052
Introsort,20000000,2,3,647441154,389411552,1.065841
Shellsort,30000000,0,1,576963608,1153927216,0.314135
Mergesort,30000000,0,1,368683328,1115128896,0.331117
Heapsort,30000000,0,1,715334890,893707050,1.103310
Quicksort,30000000,0,1,920923348,1520653593,0.682715
QuicksortI,30000000,0,1,929851209,1437552190,0.355099
Introsort,30000000,0,1,697979896,103222776,0.186180
Shellsort,30000000,0,2,576963608,1153927216,0.311180
Mergesort,30000000,0,2,368683328,1115128896,0.331298
Heapsort,30000000,0,2,715334890,893707050,1.104121
Quicksort,30000000,0,2,960400172,1527129573,0.700819
QuicksortI,30000000,0,2,890039535,1368484357,0.355948
Introsort,30000000,0,2,697979896,103222776,0.184560
Shellsort,30000000,0,3,576963608,1153927216,0.318018
Mergesort,30000000,0,3,368683328,1115128896,0.338196
Heapsort,30000000,0,3,715334890,893707050,1.109989
Quicksort,30000000,0,3,967515595,1603491900,0.681885
QuicksortI,30000000,0,3,893852731,1368157348,0.365059
Introsort,30000000,0,3,697979896,103222776,0.183766
Shellsort,30000000,1,1,784792538,1381201664,0.412264
Mergesort,30000000,1,1,377762240,1492891136,0.430226
Heapsort,30000000,1,1,706816660,847257780,1.228811
Quicksort,30000000,1,1,942283240,1543739832,0.774283
QuicksortI,30000000,1,1,1034161809,1583926211,0.483657
Introsort,30000000,1,1,712979880,148222768,0.187621
Shellsort,30000000,1,2,784792538,1381201664,0.445206
Mergesort,30000000,1,2,377762240,1492891136,0.429472
Heapsort,30000000,1,2,706816660,847257780,1.225674
Quicksort,30000000,1,2,925823401,1500566376,0.776204
QuicksortI,30000000,1,2,1035981437,1567841302,0.490582
Introsort,30000000,1,2,712979880,148222768,0.189190
Shellsort,30000000,1,3,784792538,1381201664,0.413789
Mergesort,30000000,1,3,377762240,1492891136,0.429383
Heapsort,30000000,1,3,706816660,847257780,1.228896
Quicksort,30000000,1,3,929342727,1508550078,0.788000
QuicksortI,30000000,1,3,997595084,1467116555,0.485540
Introsort,30000000,1,3,712979880,148222768,0.189751
Shellsort,30000000,2,1,1239959912,1831593242,3.388845
Mergesort,30000000,2,1,707621526,1471454144,2.305690
Heapsort,30000000,2,1,709877893,868960821,4.275425
Quicksort,30000000,2,1,924833173,1483229439,1.985299
QuicksortI,30000000,2,1,958991841,1458288377,1.745094
Introsort,30000000,2,1,1051502886,590393355,1.625673
Shellsort,30000000,2,2,1240238045,1831870650,3.386428
Mergesort,30000000,2,2,707631706,1471459434,2.307306
Heapsort,30000000,2,2,709876735,868957326,4.283997
Quicksort,30000000,2,2,945569416,1568842395,1.962448
QuicksortI,30000000,2,2,975226606,1462063974,1.749709
Introsort,30000000,2,2,1041078922,591745558,1.632457
Shellsort,30000000,2,3,1240230794,1831862199,3.391266
Mergesort,30000000,2,3,707635590,1471464339,2.304450
Heapsort,30000000,2,3,709871669,868957970,4.280958
Quicksort,30000000,2,3,930930813,1516612059,1.964490
QuicksortI,30000000,2,3,993547223,1558072329,1.738489
Introsort,30000000,2,3,1026254575,592169879,1.624006
Shellsort,40000000,0,1,786963608,1573927216,0.437332
Mergesort,40000000,0,1,497738496,1510629632,0.455138
Heapsort,40000000,0,1,971613319,1209056068,1.496459
Quicksort,40000000,0,1,1249522705,2010557826,0.916614
QuicksortI,40000000,0,1,1269261308,2020887726,0.493806
Introsort,40000000,0,1,976623096,147108856,0.255661
Shellsort,40000000,0,2,786963608,1573927216,0.436318
Mergesort,40000000,0,2,497738496,1510629632,0.454265
Heapsort,40000000,0,2,971613319,1209056068,1.497531
Quicksort,40000000,0,2,1294838388,2123611320,0.925064
QuicksortI,40000000,0,2,1243291476,1856258040,0.482221
Introsort,40000000,0,2,976623096,147108856,0.257403
Shellsort,40000000,0,3,786963608,1573927216,0.437826
Mergesort,40000000,0,3,497738496,1510629632,0.454719
Heapsort,40000000,0,3,971613319,1209056068,1.498946
Quicksort,40000000,0,3,1278254493,2044312671,0.923500
QuicksortI,40000000,0,3,1224390443,1897585029,0.485674
Introsort,40000000,0,3,976623096,147108856,0.257151
Shellsort,40000000,1,1,1072992209,1881707178,0.554757
Mergesort,40000000,1,1,515152640,2025782272,0.570002
Heapsort,40000000,1,1,959029079,1146293988,1.644925
Quicksort,40000000,1,1,1272298814,2122923414,1.031618
QuicksortI,40000000,1,1,1382183150,2058848578,0.651035
Introsort,40000000,1,1,996623081,207108850,0.260572
Shellsort,40000000,1,2,1072992209,1881707178,0.555417
Mergesort,40000000,1,2,515152640,2025782272,0.567564
Heapsort,40000000,1,2,959029079,1146293988,1.648839
Quicksort,40000000,1,2,1273852178,2084729310,1.048206
QuicksortI,40000000,1,2,1352762529,2032795204,0.637142
Introsort,40000000,1,2,996623081,207108850,0.259917
Shellsort,40000000,1,3,1072992209,1881707178,0.553864
Mergesort,40000000,1,3,515152640,2025782272,0.569079
Heapsort,40000000,1,3,959029079,1146293988,1.646295
Quicksort,40000000,1,3,1298798013,2043209112,1.050860
QuicksortI,40000000,1,3,1360920825,2063317652,0.644295
Introsort,40000000,1,3,996623081,207108850,0.261033
Shellsort,40000000,2,1,1686179903,2492096754,4.613664
Mergesort,40000000,2,1,960408854,1995257701,3.137095
Heapsort,40000000,2,1,963227762,1175343638,6.205336
Quicksort,40000000,2,1,1344864628,2198167650,2.665053
QuicksortI,40000000,2,1,1383089799,1976623742,2.333066
Introsort,40000000,2,1,1359397469,804310209,2.227559
Shellsort,40000000,2,2,1686464230,2492380409,4.621156
Mergesort,40000000,2,2,960412892,1995271331,3.132636
Heapsort,40000000,2,2,963230444,1175338142,6.219585
Quicksort,40000000,2,2,1242075080,2055196506,2.709256
QuicksortI,40000000,2,2,1309070662,1993076314,2.364737
Introsort,40000000,2,2,1351371308,804726040,2.214316
Shellsort,40000000,2,3,1686500382,2492419619,4.615276
Mergesort,40000000,2,3,960416077,1995272040,3.139330
Heapsort,40000000,2,3,963228531,1175339551,6.219978
Quicksort,40000000,2,3,1268177399,2019625029,2.671085
QuicksortI,40000000,2,3,1323838013,1986567995,2.362642
Introsort,40000000,2,3,1378459441,803790761,2.219565
Shellsort,50000000,0,1,996963608,1993927216,0.547120
Mergesort,50000000,0,1,632223552,1915114688,0.580257
Heapsort,50000000,0,1,1231706760,1527688802,1.871304
Quicksort,50000000,0,1,1604257264,2525591265,1.174428
QuicksortI,50000000,0,1,1588280064,2471607851,0.618353
Introsort,50000000,0,1,1215011704,175497464,0.321966
Shellsort,50000000,0,2,996963608,1993927216,0.544945
Mergesort,50000000,0,2,632223552,1915114688,0.568615
Heapsort,50000000,0,2,1231706760,1527688802,1.868252
Quicksort,50000000,0,2,1622406053,2535968553,1.161674
QuicksortI,50000000,0,2,1591590220,2472317138,0.631315
Introsort,50000000,0,2,1215011704,175497464,0.321717
Shellsort,50000000,0,3,996963608,1993927216,0.547582
Mergesort,50000000,0,3,632223552,1915114688,0.575529
Heapsort,50000000,0,3,1231706760,1527688802,1.870636
Quicksort,50000000,0,3,1650572052,2680378125,1.174334
QuicksortI,50000000,0,3,1556949556,2396514299,0.632944
Introsort,50000000,0,3,1215011704,175497464,0.323727
Shellsort,50000000,1,1,1361112126,2389519120,0.698185
Mergesort,50000000,1,1,650667584,2565782272,0.729691
Heapsort,50000000,1,1,1213972930,1448406048,2.073482
Quicksort,50000000,1,1,1649231549,2658051396,1.300644
QuicksortI,50000000,1,1,1715893797,2652824340,0.818395
Introsort,50000000,1,1,1240011689,250497458,0.330486
Shellsort,50000000,1,2,1361112126,2389519120,0.697531
Mergesort,50000000,1,2,650667584,2565782272,0.731254
Heapsort,50000000,1,2,1213972930,1448406048,2.075603
Quicksort,50000000,1,2,1592890707,2667383175,1.299184
QuicksortI,50000000,1,2,1734590799,2505872836,0.814901
Introsort,50000000,1,2,1240011689,250497458,0.327682
Shellsort,50000000,1,3,1361112126,2389519120,0.698765
Mergesort,50000000,1,3,650667584,2565782272,0.726803
Heapsort,50000000,1,3,1213972930,1448406048,2.076199
Quicksort,50000000,1,3,1648973907,2660087601,1.303405
QuicksortI,50000000,1,3,1692694147,2438348941,0.848267
Introsort,50000000,1,3,1240011689,250497458,0.328303
Shellsort,50000000,2,1,2137203274,3159017417,5.866868
Mergesort,50000000,2,1,1216465829,2526905466,3.942138
Heapsort,50000000,2,1,1220647128,1485781395,8.250646
Quicksort,50000000,2,1,1637564637,2708091024,3.382149
QuicksortI,50000000,2,1,1705671166,2711596758,2.967234
Introsort,50000000,2,1,1718710949,1015202705,2.814436
Shellsort,50000000,2,2,2137951158,3159766919,5.862072
Mergesort,50000000,2,2,1216476495,2526915779,3.944895
Heapsort,50000000,2,2,1220656102,1485786948,8.250394
Quicksort,50000000,2,2,1592788002,2725007448,3.362639
QuicksortI,50000000,2,2,1670408735,2372552122,2.935106
Introsort,50000000,2,2,1728311508,1014701581,2.806302
Shellsort,50000000,2,3,2137462032,3159275103,5.864701
Mergesort,50000000,2,3,1216469291,2526914656,3.942211
Heapsort,50000000,2,3,1220656434,1485794605,8.264442
Quicksort,50000000,2,3,1642309227,2634358245,3.348459
QuicksortI,50000000,2,3,1658455158,2434755792,2.940668
Introsort,50000000,2,3,1705842402,1016050576,2.809856
Shellsort,60000000,0,1,1206963608,2413927216,0.662967
Mergesort,60000000,0,1,767366656,2320257792,0.692073
Heapsort,60000000,0,1,1491807693,1846314134,2.255321
Quicksort,60000000,0,1,1943171973,3150732390,1.434705
QuicksortI,60000000,0,1,1921432442,3063869983,0.734399
Introsort,60000000,0,1,1455959800,206445560,0.385955
Shellsort,60000000,0,2,1206963608,2413927216,0.662869
Mergesort,60000000,0,2,767366656,2320257792,0.704908
Heapsort,60000000,0,2,1491807693,1846314134,2.253294
Quicksort,60000000,0,2,1938148032,3162885498,1.402801
QuicksortI,60000000,0,2,2115469986,3450986812,0.733775
Introsort,60000000,0,2,1455959800,206445560,0.386451
Shellsort,60000000,0,3,1206963608,2413927216,0.661810
Mergesort,60000000,0,3,767366656,2320257792,0.695801
Heapsort,60000000,0,3,1491807693,1846314134,2.259338
Quicksort,60000000,0,3,1928545561,3099316866,1.393958
QuicksortI,60000000,0,3,1936828476,2983500289,0.735902
Introsort,60000000,0,3,1455959800,206445560,0.389654
Shellsort,60000000,1,1,1675373831,2930562720,0.871852
Mergesort,60000000,1,1,785524480,3105782272,0.890504
Heapsort,60000000,1,1,1473272836,1753943598,2.523787
Quicksort,60000000,1,1,1912541855,3056176641,1.574090
QuicksortI,60000000,1,1,2096391819,3118994772,1.008058
Introsort,60000000,1,1,1485959783,296445552,0.391277
Shellsort,60000000,1,2,1675373831,2930562720,0.857837
Mergesort,60000000,1,2,785524480,3105782272,0.879098
Heapsort,60000000,1,2,1473272836,1753943598,2.528238
Quicksort,60000000,1,2,2056655292,3311862465,1.565499
QuicksortI,60000000,1,2,2098981367,3147520842,0.995715
Introsort,60000000,1,2,1485959783,296445552,0.398418
Shellsort,60000000,1,3,1675373831,2930562720,0.856675
Mergesort,60000000,1,3,785524480,3105782272,0.878068
Heapsort,60000000,1,3,1473272836,1753943598,2.525771
Quicksort,60000000,1,3,1950046641,3075953061,1.585163
QuicksortI,60000000,1,3,2044000328,2963016286,1.041836
Introsort,60000000,1,3,1485959783,296445552,0.391754
Shellsort,60000000,2,1,2593979233,3832126715,7.134122
Mergesort,60000000,2,1,1475256786,3062920786,4.798377
Heapsort,60000000,2,1,1479753016,1797920092,10.365463
Quicksort,60000000,2,1,1939617430,3224360121,4.067316
QuicksortI,60000000,2,1,2043949635,3130834882,3.618954
Introsort,60000000,2,1,2110238843,1227460886,3.409201
Shellsort,60000000,2,2,2594401985,3832557513,7.132341
Mergesort,60000000,2,2,1475257157,3062922040,4.806890
Heapsort,60000000,2,2,1479756547,1797908161,10.364565
Quicksort,60000000,2,2,1939037794,3278114559,4.069870
QuicksortI,60000000,2,2,2072393074,3083351158,3.585455
Introsort,60000000,2,2,2096361818,1227512146,3.411852
Shellsort,60000000,2,3,2592866204,3831010462,7.135417
Mergesort,60000000,2,3,1475256778,3062913890,4.804907
Heapsort,60000000,2,3,1479752540,1797918914,10.373047
Quicksort,60000000,2,3,2072992652,3558033270,4.083628
QuicksortI,60000000,2,3,2000622049,3003270268,3.604810
Introsort,60000000,2,3,2066894402,1231192082,3.436341
Shellsort,70000000,0,1,1420667902,2841335804,0.803592
Mergesort,70000000,0,1,905785536,2731567808,0.817365
Heapsort,70000000,0,1,1754927675,2167720798,2.645124
Quicksort,70000000,0,1,2359305342,3916687284,1.618629
QuicksortI,70000000,0,1,2210953347,3388824441,0.873322
Introsort,70000000,0,1,1695983224,236468984,0.447902
Shellsort,70000000,0,2,1420667902,2841335804,0.778451
Mergesort,70000000,0,2,905785536,2731567808,0.806980
Heapsort,70000000,0,2,1754927675,2167720798,2.643349
Quicksort,70000000,0,2,2309557619,3718921557,1.628858
QuicksortI,70000000,0,2,2241569601,3273835089,0.865171
Introsort,70000000,0,2,1695983224,236468984,0.447078
Shellsort,70000000,0,3,1420667902,2841335804,0.868302
Mergesort,70000000,0,3,905785536,2731567808,0.798424
Heapsort,70000000,0,3,1754927675,2167720798,2.644404
Quicksort,70000000,0,3,2359932311,3832190244,1.632840
QuicksortI,70000000,0,3,2292840712,3326571771,0.861629
Introsort,70000000,0,3,1695983224,236468984,0.447394
Shellsort,70000000,1,1,1968119575,3429608414,1.119414
Mergesort,70000000,1,1,919996736,3651564544,1.027215
Heapsort,70000000,1,1,1732967470,2061185258,2.952027
Quicksort,70000000,1,1,2292600843,3803460870,1.840696
QuicksortI,70000000,1,1,2426308887,3736799154,1.175041
Introsort,70000000,1,1,1730983209,341468978,0.457918
Shellsort,70000000,1,2,1968119575,3429608414,1.007260
Mergesort,70000000,1,2,919996736,3651564544,1.034124
Heapsort,70000000,1,2,1732967470,2061185258,2.952305
Quicksort,70000000,1,2,2342804066,3840639546,1.862995
QuicksortI,70000000,1,2,2444761469,3633166939,1.158306
Introsort,70000000,1,2,1730983209,341468978,0.458580
Shellsort,70000000,1,3,1968119575,3429608414,1.006994
Mergesort,70000000,1,3,919996736,3651564544,1.035267
Heapsort,70000000,1,3,1732967470,2061185258,2.956379
Quicksort,70000000,1,3,2316223436,3785570640,1.863492
QuicksortI,70000000,1,3,2417100500,3606762253,1.211179
Introsort,70000000,1,3,1730983209,341468978,0.457994
Shellsort,70000000,2,1,3053731120,4508104132,8.422014
Mergesort,70000000,2,1,1736319942,3604273025,5.690745
Heapsort,70000000,2,1,1741020551,2112213669,12.549086
Quicksort,70000000,2,1,2284117002,3789687894,4.804146
QuicksortI,70000000,2,1,2342077844,3517658432,4.214497
Introsort,70000000,2,1,2418043577,1447811163,4.042794
Shellsort,70000000,2,2,3053431658,4507805714,8.426284
Mergesort,70000000,2,2,1736322258,3604269592,5.658049
Heapsort,70000000,2,2,1741011449,2112214446,12.561886
Quicksort,70000000,2,2,2393636532,3871353021,4.787510
QuicksortI,70000000,2,2,2367733066,3532188748,4.222403
Introsort,70000000,2,2,2420142381,1445083293,4.017326
Shellsort,70000000,2,3,3053011522,4507395655,8.403365
Mergesort,70000000,2,3,1736318971,3604260658,5.656196
Heapsort,70000000,2,3,1741019164,2112206512,12.569471
Quicksort,70000000,2,3,2307641676,3764743089,4.786037
QuicksortI,70000000,2,3,2441906528,3629988676,4.212388
Introsort,70000000,2,3,2410322388,1447875606,4.035024
Shellsort,80000000,0,1,1640667902,3281335804,0.909352
Mergesort,80000000,0,1,1035476992,3141259264,0.946357
Heapsort,80000000,0,1,2025471404,2495965496,3.033123
Quicksort,80000000,0,1,2640168888,4381046811,1.860682
QuicksortI,80000000,0,1,2526170084,3876022226,1.011994
Introsort,80000000,0,1,2033246200,294217720,0.531784
Shellsort,80000000,0,2,1640667902,3281335804,1.007052
Mergesort,80000000,0,2,1035476992,3141259264,0.928202
Heapsort,80000000,0,2,2025471404,2495965496,3.034395
Quicksort,80000000,0,2,2732822114,4327001931,1.862111
QuicksortI,80000000,0,2,2720291119,4418224400,1.021840
Introsort,80000000,0,2,2033246200,294217720,0.532610
Shellsort,80000000,0,3,1640667902,3281335804,0.940905
Mergesort,80000000,0,3,1035476992,3141259264,0.949189
Heapsort,80000000,0,3,2025471404,2495965496,3.033085
Quicksort,80000000,0,3,2647503093,4372511937,1.874878
QuicksortI,80000000,0,3,2589217038,3859597127,1.029787
Introsort,80000000,0,3,2033246200,294217720,0.533149
Shellsort,80000000,1,1,2262162390,3940395294,1.157407
Mergesort,80000000,1,1,1070305280,4211564544,1.195763
Heapsort,80000000,1,1,1995482700,2374211312,3.378521
Quicksort,80000000,1,1,2664524933,4205810949,2.168345
QuicksortI,80000000,1,1,2820863119,4296132666,1.332300
Introsort,80000000,1,1,2073246184,414217714,0.543097
Shellsort,80000000,1,2,2262162390,3940395294,1.155494
Mergesort,80000000,1,2,1070305280,4211564544,1.195037
Heapsort,80000000,1,2,1995482700,2374211312,3.377039
Quicksort,80000000,1,2,2723278767,4667030646,2.108681
QuicksortI,80000000,1,2,2796605541,4100128537,1.340725
Introsort,80000000,1,2,2073246184,414217714,0.543980
Shellsort,80000000,1,3,2262162390,3940395294,1.173970
Mergesort,80000000,1,3,1070305280,4211564544,1.214867
Heapsort,80000000,1,3,1995482700,2374211312,3.384659
Quicksort,80000000,1,3,2704940750,4265939619,2.096066
QuicksortI,80000000,1,3,2841395739,4152120214,1.361529
Introsort,80000000,1,3,2073246184,414217714,0.543733
Shellsort,80000000,2,1,3519386394,5197548969,9.692881
Mergesort,80000000,2,1,2000819841,4150529210,6.518647
Heapsort,80000000,2,1,2006458394,2430666574,14.805661
Quicksort,80000000,2,1,2726218517,4456154925,5.444835
QuicksortI,80000000,2,1,2718863461,4017984925,4.882541
Introsort,80000000,2,1,2838997831,1657074260,4.633334
Shellsort,80000000,2,2,3520525988,5198688804,9.740746
Mergesort,80000000,2,2,2000822542,4150525488,6.517871
Heapsort,80000000,2,2,2006451816,2430673131,14.797835
Quicksort,80000000,2,2,2643720109,4285264014,5.482653
QuicksortI,80000000,2,2,2750535586,4225732196,4.824646
Introsort,80000000,2,2,2761489738,1666718109,4.670162
Shellsort,80000000,2,3,3519590710,5197762557,9.704070
Mergesort,80000000,2,3,2000820994,4150543183,6.521137
Heapsort,80000000,2,3,2006459594,2430669009,14.811753
Quicksort,80000000,2,3,2620474689,4232993082,5.435807
QuicksortI,80000000,2,3,2762384007,4073505044,4.837341
Introsort,80000000,2,3,2815141330,1659250370,4.632209
Shellsort,90000000,0,1,1860667902,3721335804,1.030849
Mergesort,90000000,0,1,1170607552,3556389824,1.088632
Heapsort,90000000,0,1,2296015448,2824210076,3.447923
Quicksort,90000000,0,1,3046974921,4843795143,2.140516
QuicksortI,90000000,0,1,2895151346,4460672746,1.156818
Introsort,90000000,0,1,2281634808,322606328,0.599832
Shellsort,90000000,0,2,1860667902,3721335804,1.021817
Mergesort,90000000,0,2,1170607552,3556389824,1.071539
Heapsort,90000000,0,2,2296015448,2824210076,3.442469
Quicksort,90000000,0,2,3063059771,4864432308,2.128645
QuicksortI,90000000,0,2,2886032899,4447121716,1.119240
Introsort,90000000,0,2,2281634808,322606328,0.599713
Shellsort,90000000,0,3,1860667902,3721335804,1.021323
Mergesort,90000000,0,3,1170607552,3556389824,1.068639
Heapsort,90000000,0,3,2296015448,2824210076,3.426848
Quicksort,90000000,0,3,3031258487,4913070948,2.187478
QuicksortI,90000000,0,3,3091095222,4469994661,1.128337
Introsort,90000000,0,3,2281634808,322606328,0.599150
Shellsort,90000000,1,1,2533749149,4443357792,1.307302
Mergesort,90000000,1,1,1215174720,4771564544,1.373948
Heapsort,90000000,1,1,2259287811,2686770678,3.813331
Quicksort,90000000,1,1,3018017579,4871293038,2.374568
QuicksortI,90000000,1,1,3172892927,4843728601,1.512957
Introsort,90000000,1,1,2326634792,457606322,0.611150
Shellsort,90000000,1,2,2533749149,4443357792,1.308836
Mergesort,90000000,1,2,1215174720,4771564544,1.376723
Heapsort,90000000,1,2,2259287811,2686770678,3.819278
Quicksort,90000000,1,2,2992156596,4609878978,2.403825
QuicksortI,90000000,1,2,3175962092,4756909212,1.558630
Introsort,90000000,1,2,2326634792,457606322,0.611168
Shellsort,90000000,1,3,2533749149,4443357792,1.309153
Mergesort,90000000,1,3,1215174720,4771564544,1.372673
Heapsort,90000000,1,3,2259287811,2686770678,3.815352
Quicksort,90000000,1,3,3030661169,4854132120,2.375693
QuicksortI,90000000,1,3,3199763976,4618599241,1.504767
Introsort,90000000,1,3,2326634792,457606322,0.611334
Shellsort,90000000,2,1,3988409481,5891719319,11.001660
Mergesort,90000000,2,1,2266450122,4700438114,7.374005
Heapsort,90000000,2,1,2273355243,2750595981,17.104958
Quicksort,90000000,2,1,3036126700,5070541254,6.166159
QuicksortI,90000000,2,1,3116332685,4631211643,5.560415
Introsort,90000000,2,1,3151019287,1879857687,5.227790
Shellsort,90000000,2,2,3988637205,5891941062,10.994359
Mergesort,90000000,2,2,2266447946,4700449055,7.374989
Heapsort,90000000,2,2,2273342555,2750610433,17.092397
Quicksort,90000000,2,2,2972918666,4899056598,6.207498
QuicksortI,90000000,2,2,3057378777,4648328197,5.495108
Introsort,90000000,2,2,3246453009,1869360707,5.242763
Shellsort,90000000,2,3,3989113856,5892415933,11.022878
Mergesort,90000000,2,3,2266449092,4700444600,7.376830
Heapsort,90000000,2,3,2273346149,2750583489,17.114392
Quicksort,90000000,2,3,3035933185,4976363667,6.283284
QuicksortI,90000000,2,3,3056299639,4590739707,5.532582
Introsort,90000000,2,3,3164180395,1876184925,5.205434
Shellsort,100000000,0,1,2080667902,4161335804,1.141020
Mergesort,100000000,0,1,1314447104,3980229376,1.188850
Heapsort,100000000,0,1,2566559237,3152454798,3.813875
Quicksort,100000000,0,1,3373273845,5614390572,2.365053
QuicksortI,100000000,0,1,3530223911,5036175951,1.286912
Introsort,100000000,0,1,2530023416,350994936,0.670227
Shellsort,100000000,0,2,2080667902,4161335804,1.150780
Mergesort,100000000,0,2,1314447104,3980229376,1.213647
Heapsort,100000000,0,2,2566559237,3152454798,3.830098
Quicksort,100000000,0,2,3303366879,5431536495,2.363964
QuicksortI,100000000,0,2,3319827150,5182883970,1.293926
Introsort,100000000,0,2,2530023416,350994936,0.668207
Shellsort,100000000,0,3,2080667902,4161335804,1.148274
Mergesort,100000000,0,3,1314447104,3980229376,1.212932
Heapsort,100000000,0,3,2566559237,3152454798,3.833877
Quicksort,100000000,0,3,3308639659,5596918485,2.361004
QuicksortI,100000000,0,3,3221372117,4926692364,1.279636
Introsort,100000000,0,3,2530023416,350994936,0.668967
Shellsort,100000000,1,1,2846434694,4978492634,1.487932
Mergesort,100000000,1,1,1351335168,5331564544,1.567647
Heapsort,100000000,1,1,2523893057,3000251416,4.257090
Quicksort,100000000,1,1,3397462104,5655325128,2.694240
QuicksortI,100000000,1,1,3560585858,5272871173,1.674336
Introsort,100000000,1,1,2580023400,500994930,0.679491
Shellsort,100000000,1,2,2846434694,4978492634,1.497165
Mergesort,100000000,1,2,1351335168,5331564544,1.534741
Heapsort,100000000,1,2,2523893057,3000251416,4.240946
Quicksort,100000000,1,2,3357150665,5410045389,2.673925
QuicksortI,100000000,1,2,3570587095,5570845515,1.684855
Introsort,100000000,1,2,2580023400,500994930,0.685123
Shellsort,100000000,1,3,2846434694,4978492634,1.492546
Mergesort,100000000,1,3,1351335168,5331564544,1.564214
Heapsort,100000000,1,3,2523893057,3000251416,4.251753
Quicksort,100000000,1,3,3302962975,5231897094,2.653193
QuicksortI,100000000,1,3,3613390137,5135672580,1.692694
Introsort,100000000,1,3,2580023400,500994930,0.687560
Shellsort,100000000,2,1,4459265519,6587366285,12.300473
Mergesort,100000000,2,1,2532944116,5253830904,8.230726
Heapsort,100000000,2,1,2541308624,3071581178,19.435023
Quicksort,100000000,2,1,3391600726,5733419145,6.910783
QuicksortI,100000000,2,1,3476925721,4962475675,6.177956
Introsort,100000000,2,1,3532210457,2094537909,5.857461
Shellsort,100000000,2,2,4459674032,6587782309,12.301293
Mergesort,100000000,2,2,2532932603,5253818597,8.239483
Heapsort,100000000,2,2,2541309383,3071561126,19.441400
Quicksort,100000000,2,2,3352193461,5647599258,6.942437
QuicksortI,100000000,2,2,3483914067,5320161724,6.145161
Introsort,100000000,2,2,3539185780,2095641425,5.878548
Shellsort,100000000,2,3,4459886335,6587992627,12.317863
Mergesort,100000000,2,3,2532931043,5253822517,8.264049
Heapsort,100000000,2,3,2541302888,3071580112,19.464717
Quicksort,100000000,2,3,3400451708,5764313643,6.909194
QuicksortI,100000000,2,3,3507362491,5635821215,6.130465
Introsort,100000000,2,3,3569231889,2093218839,5.846810
